tvdb_id,series_name,num_seasons,poster,banner,fanart,status,first_aired,network,runtime,genre,overview,rating,imdb_id,tvdb_avg_rating,tvdb_ratings,my_rating
70533,Twin Peaks,3,https://artworks.thetvdb.com/banners/posters/70533-21.jpg,https://artworks.thetvdb.com/banners/graphical/70533-g4.jpg,https://artworks.thetvdb.com/banners/fanart/original/70533-16.jpg,Ended,1990-04-08,ABC (US),45,"Crime, Drama, Fantasy, Horror, Mystery, Romance, Thriller",The body of a young girl is washed up on a beach near the small Washington state town of Twin Peaks. Eccentric FBI Special Agent Dale Cooper is called in to investigate her strange demise only to uncover a web of mystery that ultimately leads him deep into the heart of the surrounding woodland and his very own soul.,TV-MA,tt0098936,8.9,4511,7.0
72023,Deadwood,3,https://artworks.thetvdb.com/banners/posters/72023-7.jpg,https://artworks.thetvdb.com/banners/graphical/72023-g.jpg,https://artworks.thetvdb.com/banners/fanart/original/72023-1.jpg,Ended,2004-03-21,HBO,60,"Crime, Drama, Western","In the Black Hills Indian Cession, the town of Deadwood is a settlement violating treaty obligations; a violent and uncivilized outpost that attracts outlaws and entrepreneurs, ex-soldiers and racketeers, Chinese laborers, prostitutes, city slickers and gunfighters.",TV-MA,tt0348914,9.1,2900,8.0
72173,Arrested Development,5,https://artworks.thetvdb.com/banners/posters/72173-8.jpg,https://artworks.thetvdb.com/banners/graphical/72173-g.jpg,https://artworks.thetvdb.com/banners/fanart/original/72173-2.jpg,Ended,2003-11-02,Netflix,25,Comedy,"Level-headed son Michael Bluth takes over family affairs after his father is imprisoned. But the rest of his spoiled, dysfunctional family are making his job unbearable.",TV-14,tt0367279,9.3,6112,7.0
73141,American Dad!,17,https://artworks.thetvdb.com/banners/posters/73141-8.jpg,https://artworks.thetvdb.com/banners/graphical/73141-g7.jpg,https://artworks.thetvdb.com/banners/fanart/original/73141-1.jpg,Continuing,2005-02-06,TBS,25,"Animation, Comedy","C.I.A. Agent Stan Smith is constantly fighting off terrorists who threaten the safety of the USA (sometimes causing more harm than good). His wife Francine is an average house wife with two kids, Hayley, Stan's only daughter, an average rebellious teenager and Steve, Stan's only son, a geek who enjoys Dungeons and Dragons, gaming and comic book conventions. Then there's Roger, the home's illegal (space) alien who the Smith's are keeping protected. Last but not least, there's Klaus, the Smith's wisecracking talking fish (swapped from  his human body years ago by the CIA).",TV-14,tt0397306,8.5,8460,7.0
73244,The Office (US),9,https://artworks.thetvdb.com/banners/posters/73244-1.jpg,https://artworks.thetvdb.com/banners/graphical/73244-g9.jpg,https://artworks.thetvdb.com/banners/fanart/original/73244-32.jpg,Ended,2005-03-24,NBC,25,Comedy,A fresh and funny mockumentary-style glimpse into the daily interactions of the eccentric workers at the Dunder Mifflin paper supply company. This fast-paced comedy parodies contemporary American water-cooler culture.,TV-14,tt0386676,8.9,9021,9.0
73508,Rome,2,https://artworks.thetvdb.com/banners/posters/73508-2.jpg,https://artworks.thetvdb.com/banners/graphical/73508-g.jpg,https://artworks.thetvdb.com/banners/fanart/original/73508-1.jpg,Ended,2005-08-28,HBO,60,"Action, Adventure, Drama, History","Four hundred years after the founding of the Republic, Rome is the wealthiest city in the world. The Republic was founded on principals of shared power, never allowing one man to seize absolute control. But now, those foundations are crumbling...and two soldiers unwittingly become entwined in the historical events of ancient Rome. A drama of love and betrayal, masters and slaves, husbands and wives, Rome chronicles a turbulent era that saw the death of a republic and the birth of an empire.",TV-MA,tt0384766,9.0,4264,6.0
73739,Lost,6,https://artworks.thetvdb.com/banners/posters/73739-11.jpg,https://artworks.thetvdb.com/banners/graphical/73739-g4.jpg,https://artworks.thetvdb.com/banners/fanart/original/73739-34.jpg,Ended,2004-09-22,ABC (US),45,"Action, Adventure, Drama, Science Fiction","After their plane, Oceanic Air flight 815, tore apart whilst thousands of miles off course, the survivors find themselves on a mysterious deserted island where they soon find out they are not alone.",TV-14,tt0411008,9.1,21378,7.0
73838,Malcolm in the Middle,7,https://artworks.thetvdb.com/banners/posters/73838-2.jpg,https://artworks.thetvdb.com/banners/graphical/248-g.jpg,https://artworks.thetvdb.com/banners/fanart/original/73838-4.jpg,Ended,2000-01-09,FOX,25,Comedy,"A gifted and smart young man tries to navigate life, puberty, and love while trying to survive his often dimwitted, dysfunctional family.",TV-PG,tt0212671,8.0,7589,8.0
73871,Futurama,7,https://artworks.thetvdb.com/banners/posters/73871-2.jpg,https://artworks.thetvdb.com/banners/graphical/249-g2.jpg,https://artworks.thetvdb.com/banners/fanart/original/73871-21.jpg,Ended,1999-03-28,Comedy Central,20,"Animation, Comedy, Science Fiction","A late 20th-century New York City pizza delivery boy, Philip J. Fry, after being unwittingly cryogenically frozen for one thousand years, finds employment at Planet Express, an interplanetary delivery company in the 31st century.",TV-14,tt0149460,8.8,17994,8.0
74205,Band of Brothers,1,https://artworks.thetvdb.com/banners/posters/74205-9.jpg,https://artworks.thetvdb.com/banners/graphical/74205-g3.jpg,https://artworks.thetvdb.com/banners/fanart/original/74205-3.jpg,Ended,2001-09-09,HBO,60,"Action, Adventure, Drama, Mini-Series, War","The story of Easy Company, 506th Regiment of the 101st Airborne Division, U.S. Army. Based on interviews with survivors of Easy Company, as well as soldiers' journals and letters, this 10-part series chronicles the experiences of these young men who knew extraordinary bravery and extraordinary fear.",TV-MA,tt0185906,9.4,7930,8.0
75164,Samurai Jack,5,https://artworks.thetvdb.com/banners/posters/75164-4.jpg,https://artworks.thetvdb.com/banners/graphical/75164-g2.jpg,https://artworks.thetvdb.com/banners/fanart/original/75164-1.jpg,Ended,2001-08-10,Cartoon Network,20,"Action, Animation, Anime","Made by Genndy Tartakovsky, this cartoon tells the story of a great warrior displaced to the distant future by the evil shape-shifting wizard Aku. The world has become a bleak place under the rule of Aku, segregated into fantastic tribes and ruled by Aku's evil robot warlords. Jack travels this foreign landscape in search of a time portal that can return him to his home time so he can ""undo the future that is Aku!"". ",TV-14,tt0278238,9.1,859,6.0
75299,The Sopranos,6,https://artworks.thetvdb.com/banners/posters/75299-3.jpg,https://artworks.thetvdb.com/banners/graphical/75299-g6.jpg,https://artworks.thetvdb.com/banners/fanart/original/75299-6.jpg,Ended,1999-01-10,HBO,55,"Crime, Drama","Modern day morality tale about New Jersey mob boss Tony Soprano, as he deals with personal and professional issues in his home and business life.",TV-MA,tt0141842,9.2,5049,9.0
360115,Prison Break,5,https://artworks.thetvdb.com/banners/posters/5c9e0957ce5be.jpg,https://artworks.thetvdb.com/banners/graphical/5c9dff708b17f.jpg,https://artworks.thetvdb.com/banners/fanart/original/5c9e06b046ab6.jpg,Ended,2005-08-29,FOX,45,"Action, Crime, Drama, Suspense","Due to a political conspiracy, an innocent man is sent to death row and his only hope is his brother, who makes it his mission to deliberately get himself sent to the same prison in order to break the both of them out, from the inside.",TV-14,tt0455275,0.0,0,4.0
75450,Six Feet Under,5,https://artworks.thetvdb.com/banners/posters/75450-1.jpg,https://artworks.thetvdb.com/banners/graphical/75450-g3.jpg,https://artworks.thetvdb.com/banners/fanart/original/75450-2.jpg,Ended,2001-06-03,HBO,55,"Comedy, Drama","When death is your business, what is your life? For the Fisher family, the world outside of their family-owned funeral home continues to be at least as challenging as--and far less predictable than--the one inside.  Oscar-winning screenwriter Alan Ball's breakout series that takes a darkly comic look at members of a dysfunctional L.A. family that run a funeral business.",TV-MA,tt0248654,8.9,2479,8.0
75760,How I Met Your Mother,9,https://artworks.thetvdb.com/banners/posters/75760-34.jpg,https://artworks.thetvdb.com/banners/graphical/75760-g2.jpg,https://artworks.thetvdb.com/banners/fanart/original/75760-19.jpg,Ended,2005-09-19,CBS,25,"Comedy, Romance","The year is 2030. Ted Mosby is relaying the story of how he met his wife to his daughter and son. The story starts in the year 2005, when then twenty-seven year old architect Ted was spurred on to want to get married after his best friends from his college days at Wesleyan, lawyer Marshall Eriksen, who was his roommate at the time and kindergarten teacher Lily Aldrin, got engaged after nine years of dating each other. Ted's new quest in life was much to the dismay of his womanizing friend, Barney Stinson. But soon after Marshall and Lily's engagement, Ted believed that his life mate was going to be news reporter and aspiring news anchor Robin Scherbatsky, who, despite having had a romantic relationship with her after this time, ended up being who the kids know as their ""Aunt"" Robin. As Ted relays the story to his kids, the constants are that their Uncle Marshall, Aunt Lily, Uncle Barney and Aunt Robin are always in the picture and thus have something to do with how he got together with their mother.",TV-14,tt0460649,8.9,17525,7.0
75805,It's Always Sunny in Philadelphia,14,https://artworks.thetvdb.com/banners/posters/75805-12.jpg,https://artworks.thetvdb.com/banners/graphical/75805-g3.jpg,https://artworks.thetvdb.com/banners/fanart/original/75805-20.jpg,Continuing,2005-08-04,FX,25,Comedy,"Four egocentric friends who run a neighborhood Irish pub in Philadelphia try to find their way through the adult world of work and relationships. Unfortunately, their warped views and precarious judgments often lead them to trouble, creating a myriad of uncomfortable situations that usually only get worse before they get better.",TV-MA,tt0472954,9.1,5957,8.0
75978,Family Guy,18,https://artworks.thetvdb.com/banners/posters/75978-13.jpg,https://artworks.thetvdb.com/banners/graphical/75978-g.jpg,https://artworks.thetvdb.com/banners/fanart/original/75978-8.jpg,Continuing,1995-01-01,FOX,20,"Animation, Comedy","Sick, twisted, politically incorrect and Freakin' Sweet animated series featuring the adventures of the dysfunctional Griffin family. Bumbling Peter and long-suffering Lois have three kids. Stewie (a brilliant but sadistic baby bent on killing his mother and taking over the world), Meg (the oldest, and is the most unpopular girl in town) and Chris (the middle kid, he's not very bright but has a passion for movies). The final member of the family is Brian - a talking dog and much more than a pet, he keeps Stewie in check whilst sipping Martinis and sorting through his own life issues.",TV-MA,tt0182576,8.6,16333,6.0
76156,Scrubs,9,https://artworks.thetvdb.com/banners/posters/76156-6.jpg,https://artworks.thetvdb.com/banners/graphical/76156-g9.jpg,https://artworks.thetvdb.com/banners/fanart/original/76156-11.jpg,Ended,2001-10-02,NBC,25,Comedy,"Scrubs focuses on the lives of several people working at Sacred Heart, a teaching hospital. It features fast-paced dialogue, slapstick, and surreal vignettes presented mostly as the daydreams of the central character, Dr. John Michael ""J.D."" Dorian.",TV-PG,tt0285403,9.0,8151,9.0
76203,Curb Your Enthusiasm,10,https://artworks.thetvdb.com/banners/posters/76203-1.jpg,https://artworks.thetvdb.com/banners/graphical/76203-g3.jpg,https://artworks.thetvdb.com/banners/fanart/original/76203-10.jpg,Continuing,1999-12-01,HBO,30,Comedy,"The unscripted Curb Your Enthusiasm brings the off-kilter comic vision of Larry David, who plays himself in a parallel universe in which he can't seem to do anything right, and, by his standards, neither can anyone else.",TV-MA,tt0264235,8.7,2920,9.0
76321,Freaks and Geeks,1,https://artworks.thetvdb.com/banners/posters/76321-2.jpg,https://artworks.thetvdb.com/banners/graphical/76321-g2.jpg,https://artworks.thetvdb.com/banners/fanart/original/76321-7.jpg,Ended,1999-09-25,NBC,45,"Comedy, Drama","Freaks and Geeks tells the stories of two unique groups of teenagers dealing with life in high school during the 1980s.

The show follows Lindsay Weir as she rebels and begins hanging out with a crowd of burnouts (the ""freaks""), while her brother Sam Weir navigates a different part of the social universe with his nerdy friends (the ""geeks"").",TV-PG,tt0193676,9.0,863,8.0
76885,Cowboy Bebop,1,https://artworks.thetvdb.com/banners/posters/76885-3.jpg,https://artworks.thetvdb.com/banners/graphical/76885-g2.jpg,https://artworks.thetvdb.com/banners/fanart/original/76885-3.jpg,Ended,1998-04-03,TV Tokyo,25,"Action, Adventure, Anime, Science Fiction, Western","In the year 2071 humanity has colonized the entire Solar System through the use of ""Phase Difference Space Gates"". A catastrophic accident occurred during the development of the Gates, damaging both the Earth and the Moon, heavily irradiating the surface, and forcing most of mankind to evacuate to other planets of the Solar System.

Wherever humanity goes, so goes its criminal element, and thus the need for those who hunt criminals. The newly formed solar system police reinstated the bounty scheme of the Wild West. Cowboy Bebop is the story of the four inhabitants of the spaceship Bebop, and the living they barely make at bounty hunting.",TV-MA,tt0213338,9.1,12815,5.0
78107,The Office,2,https://artworks.thetvdb.com/banners/posters/78107-2.jpg,https://artworks.thetvdb.com/banners/graphical/78107-g2.jpg,https://artworks.thetvdb.com/banners/fanart/original/78107-3.jpg,Ended,2001-07-09,BBC Two,30,Comedy,"A mockumentary about life in a mid-sized suboffice paper merchants in a bleak British industrial town, where manager David Brent thinks he's the coolest, funniest, and most popular boss ever. He isn't. That doesn't stop him from embarrassing himself in front of the cameras on a regular basis, whether from his political sermonizing, his stand-up 'comedy', or his incredibly unique dancing. Meanwhile, long-suffering Tim longs after Dawn the engaged receptionist and keeps himself sane by playing childish practical jokes on his insufferable, army-obsessed deskmate Gareth. Will the Slough office be closed? Will the BBC give David a game show? Will Tim and Dawn end up with each other? And more importantly, will Gareth realize what a hopeless prat he is?",TV-14,tt0290978,8.6,2204,7.0
78261,The Shield,7,https://artworks.thetvdb.com/banners/posters/78261-3.jpg,https://artworks.thetvdb.com/banners/graphical/78261-g3.jpg,https://artworks.thetvdb.com/banners/fanart/original/78261-4.jpg,Ended,2002-03-12,FX,45,"Crime, Drama, Thriller",The story of an inner-city Los Angeles police precinct where some of the cops aren't above breaking the rules or working against their associates to both keep the streets safe and their self-interests intact.,TV-MA,tt0286486,9.0,3079,7.0
78874,Firefly,1,https://artworks.thetvdb.com/banners/posters/78874-2.jpg,https://artworks.thetvdb.com/banners/graphical/7097-g.jpg,https://artworks.thetvdb.com/banners/fanart/original/78874-5.jpg,Ended,2002-09-20,FOX,45,"Drama, Science Fiction","In the far-distant future, Captain Malcolm ""Mal"" Reynolds is a renegade former brown-coat sergeant, now turned smuggler & rogue, who is the commander of a small spacecraft, with a loyal hand-picked crew made up of the first mate, Zoe Warren; the pilot Hoban ""Wash"" Washburn; the gung-ho grunt Jayne Cobb; the engineer Kaylee Frye; the fugitives Dr. Simon Tam and his psychic sister River. Together, they travel the far reaches of space in search of food, money, and anything to live on.",TV-14,tt0303461,9.5,14470,7.0
79126,The Wire,5,https://artworks.thetvdb.com/banners/posters/79126-2.jpg,https://artworks.thetvdb.com/banners/graphical/79126-g19.jpg,https://artworks.thetvdb.com/banners/fanart/original/79126-3.jpg,Ended,2002-06-02,HBO,55,"Crime, Drama","Unlike most television crime dramas, which neatly introduce and then solve a case all in the space of one hour, HBO's THE WIRE follows one single drug and homicide investigation throughout the length of an entire season. Centered on the drug culture of inner-city Baltimore, the series' storyline unfolds from the points of view of both the criminals lording the streets and the police officers determined to bring them down.",TV-MA,tt0306414,9.5,7233,9.0
79168,Friends,10,https://artworks.thetvdb.com/banners/posters/79168-27.jpg,https://artworks.thetvdb.com/banners/graphical/79168-g5.jpg,https://artworks.thetvdb.com/banners/fanart/original/79168-6.jpg,Ended,1994-09-22,NBC,22,"Comedy, Romance","Rachel Green, Ross Geller, Monica Geller, Joey Tribbiani, Chandler Bing and Phoebe Buffay are six 20 something year-olds, living off one another in the heart of New York City. Over the course of ten years, this average group of buddies goes through massive mayhem, family trouble, past and future romances, fights, laughs, tears and surprises as they learn what it really means to be a friend.
",TV-14,tt0108778,9.1,9914,8.0
79169,Seinfeld,9,https://artworks.thetvdb.com/banners/posters/79169-5.jpg,https://artworks.thetvdb.com/banners/graphical/112-g2.jpg,https://artworks.thetvdb.com/banners/fanart/original/79169-2.jpg,Ended,1989-07-05,NBC,25,Comedy,"Jerry Seinfeld is a very successful stand-up comedian, mainly because the people around him offer an endless supply of great material. His best friend is George Costanza, a bald, whiny loser who craves the kind of success Jerry has but is never willing to do what it takes to get it. Jerry's neighbor Kramer often barges into his apartment and imposes onto his life. In the second episode Jerry's former girlfriend Elaine Benes comes back into his life, and the four of them are able to form a friendship together. The episodes were rarely very plot-heavy, focusing more on mundane conversations and situations that could be found during everyday life in New York.",TV-PG,tt0098904,9.3,5587,9.0
79216,The IT Crowd,4,https://artworks.thetvdb.com/banners/posters/79216-1.jpg,https://artworks.thetvdb.com/banners/graphical/79216-g8.jpg,https://artworks.thetvdb.com/banners/fanart/original/79216-4.jpg,Ended,2003-02-02,Channel 4,25,Comedy,"At the UK company Reynholm Industries, their corporate high-rise towers are full of beautiful happy people with one success story after another. Well, except for the employees that work in the basement - the IT department. While their colleagues work in fantastic surroundings, Jen, Roy and Moss must work below ground in the dark and horrible basement, struggling to make it into normal society.

The IT Crowd is a playful and somewhat surreal look at what it's really like to be the underclass of every company - the IT Department.",TV-14,tt0487831,8.9,8110,8.0
79257,Planet Earth,1,https://artworks.thetvdb.com/banners/posters/79257-6.jpg,https://artworks.thetvdb.com/banners/graphical/79257-g11.jpg,https://artworks.thetvdb.com/banners/fanart/original/79257-2.jpg,Ended,2006-03-05,BBC One,50,Documentary,"Planet Earth is a 2006 television series produced by the BBC Natural History Unit. Five years in the making, it was the most expensive nature documentary series ever commissioned by the BBC and was described by its makers as ""the definitive look at the diversity of our planet"". 

Each 50 minute episode features a global overview of a different biome or habitat on Earth, followed by a ten-minute featurette which takes a behind-the-scenes look.",TV-G,tt0795176,9.5,4102,
79349,Dexter,8,https://artworks.thetvdb.com/banners/posters/79349-2.jpg,https://artworks.thetvdb.com/banners/graphical/79349-g7.jpg,https://artworks.thetvdb.com/banners/fanart/original/79349-16.jpg,Ended,2006-10-01,Showtime,55,"Crime, Drama, Suspense, Thriller","Dexter Morgan is a Miami-based blood spatter expert who doesn't just solve murders; he commits them too. In fact, he's a serial killer -- but he only murders the guilty, so he feels justified with his lifestyle choices. His policewoman sister and his cop co-workers have no idea Dexter lives a double life; however, adoptive father Harry knows his secret, and does, in fact, help Dexter hone his ""skills."" It's a unique brand of justice for which charming Dexter feels a psychological hunger.",TV-MA,tt0773262,9.1,43019,8.0
79481,Death Note,1,https://artworks.thetvdb.com/banners/posters/79481-10.jpg,https://artworks.thetvdb.com/banners/graphical/79481-g7.jpg,https://artworks.thetvdb.com/banners/fanart/original/79481-15.jpg,Ended,2006-10-04,NTV (JP),25,"Animation, Anime, Crime, Drama, Fantasy, Suspense, Thriller","Light Yagami is an ace student with great prospects, who's bored out of his mind. One day he finds the ""Death Note"": a notebook from the realm of the Death Gods, with the power to kill people in any way he desires. With the Death Note in hand, Light decides to create his perfect world, without crime or criminals. However, when criminals start dropping dead one by one, the authorites send the legendary detective L to track down the killer, and a battle of wits, deception and logic ensues...",TV-MA,tt0877057,9.0,21749,9.0
80337,Mad Men,7,https://artworks.thetvdb.com/banners/posters/80337-4.jpg,https://artworks.thetvdb.com/banners/graphical/80337-g.jpg,https://artworks.thetvdb.com/banners/fanart/original/80337-38.jpg,Ended,2007-07-19,AMC,50,Drama,"In 1960s New York, alpha male Don Draper struggles to stay on top of the heap in the high-pressure world of Madison Avenue advertising firms. Aside from being one of the top ad men in the business, Don is also a family man, the father of young children.",TV-14,tt0804503,8.6,5448,8.0
80348,Chuck,5,https://artworks.thetvdb.com/banners/posters/80348-1.jpg,https://artworks.thetvdb.com/banners/graphical/80348-g.jpg,https://artworks.thetvdb.com/banners/fanart/original/80348-48.jpg,Ended,2007-09-24,NBC,45,"Action, Adventure, Comedy, Drama","This high-concept action comedy follows Chuck Bartowski as the Buy More computer geek turned secret agent. When Chuck unwittingly downloads a database of government information and deadly fighting skills into his head, he becomes the CIA's most vital secret. This sets Chuck on a path to become a full-fledged spy, assisted by the stoic Colonel John Casey; Chuck's best friend, Morgan Grimes; and the CIA's top agent Sarah Walker. With the help of this unlikely team and his unorthodox techniques, Chuck is ready to take Operation Bartowski freelance.",TV-PG,tt0934814,8.7,27155,5.0
80379,The Big Bang Theory,12,https://artworks.thetvdb.com/banners/posters/80379-18.jpg,https://artworks.thetvdb.com/banners/graphical/80379-g13.jpg,https://artworks.thetvdb.com/banners/fanart/original/80379-2.jpg,Ended,2007-09-24,CBS,25,Comedy,A woman who moves into an apartment across the hall from two brilliant but socially awkward physicists shows them how little they know about life outside of the laboratory.,TV-14,tt0898266,8.8,41886,2.0
81189,Breaking Bad,5,https://artworks.thetvdb.com/banners/posters/81189-10.jpg,https://artworks.thetvdb.com/banners/graphical/81189-g21.jpg,https://artworks.thetvdb.com/banners/fanart/original/81189-21.jpg,Ended,2008-01-20,Netflix,47,"Crime, Drama, Suspense, Thriller","When Walter White, a chemistry teacher, is diagnosed with Stage III cancer and given a prognosis of two years left to live, he chooses to enter a dangerous world of drugs and crime with the intent to secure his family's financial security.",TV-MA,tt0903747,9.4,31714,10.0
82066,Fringe,5,https://artworks.thetvdb.com/banners/series/82066/posters/5e7b8e07aa2cc.jpg,https://artworks.thetvdb.com/banners/graphical/82066-g20.jpg,https://artworks.thetvdb.com/banners/fanart/original/82066-13.jpg,Ended,2008-09-09,FOX,43,"Crime, Drama, Science Fiction, Suspense, Thriller","The series follows a Federal Bureau of Investigation ""Fringe Division"" team based in Boston. The team uses unorthodox ""fringe"" science and FBI investigative techniques to investigate a series of unexplained, often ghastly occurrences, some of which are related to mysteries surrounding a parallel universe.",TV-14,tt1119644,8.7,21245,6.0
82276,Boris,3,https://artworks.thetvdb.com/banners/posters/82276-1.jpg,https://artworks.thetvdb.com/banners/graphical/82276-g.jpg,https://artworks.thetvdb.com/banners/series/82276/backgrounds/5ea1b65cebd80.jpg,Ended,2007-04-16,Fox Channel (IT),30,Comedy,"A look at the daily misadventures of the troupe filming the low-quality TV series ""Gli Occhi del Cuore 2"".",TV-G,tt1020116,9.5,431,6.0
82696,Sons of Anarchy,7,https://artworks.thetvdb.com/banners/posters/82696-11.jpg,https://artworks.thetvdb.com/banners/graphical/82696-g.jpg,https://artworks.thetvdb.com/banners/fanart/original/82696-66.jpg,Ended,2008-09-03,FX,45,"Crime, Drama, Thriller","Sons of Anarchy is an adrenalized drama with darkly comedic undertones that explores a notorious outlaw motorcycle club’s (MC) desire to protect its livelihood while ensuring that their simple, sheltered town of Charming, California remains exactly that, charming. The MC must confront threats from drug dealers, corporate developers, and overzealous law officers. Behind the MC’s familial lifestyle and legally thriving automotive shop is a ruthless and illegal arms business driven by the seduction of money, power, and blood.",TV-MA,tt1124373,8.9,7958,7.0
84912,Parks and Recreation,7,https://artworks.thetvdb.com/banners/posters/84912-1.jpg,https://artworks.thetvdb.com/banners/graphical/84912-g8.jpg,https://artworks.thetvdb.com/banners/fanart/original/84912-14.jpg,Ended,2009-04-09,NBC,25,Comedy,"The series follows Leslie Knope, the deputy head of the Parks and Recreation department in the fictional town of Pawnee, Indiana. Knope takes on a project with a nurse named Ann to turn a construction pit into a park, while trying to mentor a bored college-aged intern. However, Leslie must fight through the bureaucrats, problem neighbors, and developers in order to make her dream a reality, all while with a camera crew recording her every gaff and mishap.",TV-14,tt1266020,8.7,4053,9.0
94571,Community,6,https://artworks.thetvdb.com/banners/posters/94571-7.jpg,https://artworks.thetvdb.com/banners/graphical/94571-g.jpg,https://artworks.thetvdb.com/banners/fanart/original/94571-3.jpg,Ended,2009-09-17,NBC,25,Comedy,"From Emmy Award-winner Dan Harmon comes ""Community"", a smart comedy series about higher education – and lower expectations. The student body at Greendale Community College is made up of high-school losers, newly divorced housewives, and old people who want to keep their minds active. Within these not-so-hallowed halls, Community focuses on a band of misfits, at the center of which is a fast-talking lawyer whose degree was found to be fake, who form a study group and end up learning a lot more about themselves than they do about their course work.",TV-PG,tt1439629,8.8,7443,6.0
129261,Spartacus,3,https://artworks.thetvdb.com/banners/posters/129261-6.jpg,https://artworks.thetvdb.com/banners/graphical/129261-g4.jpg,https://artworks.thetvdb.com/banners/fanart/original/129261-5.jpg,Ended,2010-01-22,Starz,60,"Action, Adventure, Drama","Betrayed by the Romans. Forced into slavery. Reborn as a Gladiator. The classic tale of the Republic’s most infamous rebel comes alive in the graphic and visceral new series, Spartacus: Blood and Sand. Torn from his homeland and the woman he loves, Spartacus is condemned to the brutal world of the arena where blood and death are primetime entertainment. But not all battles are fought upon the sands. Treachery, corruption, and the allure of sensual pleasures will constantly test Spartacus. To survive, he must become more than a man. More than a gladiator. He must become
a legend.",TV-MA,tt1442449,8.7,18417,
153021,The Walking Dead,10,https://artworks.thetvdb.com/banners/posters/153021-6.jpg,https://artworks.thetvdb.com/banners/graphical/153021-g39.jpg,https://artworks.thetvdb.com/banners/fanart/original/153021-83.jpg,Continuing,2010-10-11,AMC,45,"Adventure, Drama, Horror, Thriller","The world we knew is gone. An epidemic of apocalyptic proportions has swept the globe causing the dead to rise and feed on the living. In a matter of months society has crumbled. In a world ruled by the dead, we are forced to finally start living. Based on a comic book series of the same name by Robert Kirkman, this AMC project focuses on the world after a zombie apocalypse. The series follows a police officer, Rick Grimes, who wakes up from a coma to find the world ravaged with zombies. Looking for his family, he and a group of survivors attempt to battle against the zombies in order to stay alive.",TV-MA,tt1520211,9.0,41187,5.0
155201,Louie (2010),5,https://artworks.thetvdb.com/banners/posters/155201-3.jpg,https://artworks.thetvdb.com/banners/graphical/155201-g2.jpg,https://artworks.thetvdb.com/banners/fanart/original/155201-6.jpg,Ended,2009-11-23,FX,25,"Comedy, Drama",Louis C.K. stars as a fictionalized version of himself; a comedian and newly divorced father raising his two daughters in New York City.,TV-MA,tt1492966,8.8,2626,7.0
159591,Luther,5,https://artworks.thetvdb.com/banners/posters/159591-7.jpg,https://artworks.thetvdb.com/banners/graphical/159591-g6.jpg,https://artworks.thetvdb.com/banners/fanart/original/159591-4.jpg,Continuing,2010-05-04,BBC One,60,"Crime, Drama, Suspense","A dark psychological crime drama starring Idris Elba as Luther, a man struggling with his own terrible demons, who might be as dangerous as the depraved murderers he hunts.",TV-14,tt1474684,8.8,2759,7.0
161511,Shameless (US),11,https://artworks.thetvdb.com/banners/posters/161511-1.jpg,https://artworks.thetvdb.com/banners/graphical/161511-g3.jpg,https://artworks.thetvdb.com/banners/fanart/original/161511-16.jpg,Continuing,2010-12-12,Showtime,60,"Comedy, Drama","Chicagoan Frank Gallagher is the proud single dad of six smart, industrious, independent kids, who without him would be... franco, perhaps better off. When Frank's not at the bar spending what little money they have, he's passed out on the floor. But the kids have found ways to grow up in spite of him. They may not be like any family you know, but they make no apologies for being exactly who they are.",TV-MA,tt1586680,9.0,4279,7.0
176941,Sherlock,4,https://artworks.thetvdb.com/banners/posters/176941-17.jpg,https://artworks.thetvdb.com/banners/graphical/176941-g.jpg,https://artworks.thetvdb.com/banners/fanart/original/176941-41.jpg,Ended,2010-07-25,BBC One,90,"Crime, Drama, Suspense",Sherlock Holmes and his partner Dr. John Watson solve crimes in 21st century London.,TV-14,tt1475582,9.2,18143,8.0
193131,Downton Abbey,6,https://artworks.thetvdb.com/banners/posters/193131-7.jpg,https://artworks.thetvdb.com/banners/graphical/193131-g5.jpg,https://artworks.thetvdb.com/banners/fanart/original/193131-5.jpg,Ended,2010-09-26,ITV,60,Drama,Downton Abbey depicts the lives of the aristocratic Crawley family and their servants in the post-Edwardian era—with great events in history having an effect on their lives and on the British social hierarchy.,TV-14,tt1606375,8.9,5015,8.0
237831,Veep,7,https://artworks.thetvdb.com/banners/posters/237831-2.jpg,https://artworks.thetvdb.com/banners/graphical/237831-g.jpg,https://artworks.thetvdb.com/banners/fanart/original/237831-4.jpg,Ended,2012-04-22,HBO,30,Comedy,"A look into American politics, revolving around former Senator Selina Meyer who finds being Vice President of the United States is nothing like she expected and everything everyone ever warned her about.",TV-MA,tt1759761,8.4,1412,8.0
247808,Suits,9,https://artworks.thetvdb.com/banners/posters/247808-6.jpg,https://artworks.thetvdb.com/banners/graphical/247808-g9.jpg,https://artworks.thetvdb.com/banners/fanart/original/247808-5.jpg,Ended,2011-06-23,USA Network,45,"Comedy, Drama","Suits follows college drop-out Mike Ross, who accidentally lands a job with one of New York's best legal closers, Harvey Specter. They soon become a winning team with Mike's raw talent and photographic memory, and Mike soon reminds Harvey of why he went into the field of law in the first place.",TV-14,tt1632701,8.9,8251,4.0
247997,Deadman Wonderland,1,https://artworks.thetvdb.com/banners/posters/247997-2.jpg,https://artworks.thetvdb.com/banners/graphical/247997-g.jpg,https://artworks.thetvdb.com/banners/fanart/original/247997-2.jpg,Ended,2011-04-16,tvk,25,"Action, Anime, Drama","A massive earthquake ravaged Japan's mainland and destroyed most of Tokyo, sinking three-quarters of it into the ocean. Ten years later, the story starts with Igarashi Ganta, a seemingly ordinary, unassuming middle school student attending Nagano Prefecture's middle school. An escapee, a survivor of the great earthquake, Ganta has no memories of the tragedy and has lived a simple, normal life. This all changes one day when a strange man covered in blood and crimson armour appears, floating, out of his classroom windows. Smirking madly, this Red Man massacres Ganta's entire class and, instead of killing him, embeds a red crystal shard in his chest. Within days of the massacre, Ganta is declared the sole suspect and, following a suspiciously quick trial, is sentenced to life imprisonment in Deadman Wonderland, a massive theme-park-like prison.",TV-MA,tt1909447,7.4,6402,3.0
250487,American Horror Story,9,https://artworks.thetvdb.com/banners/posters/250487-3.jpg,https://artworks.thetvdb.com/banners/graphical/250487-g.jpg,https://artworks.thetvdb.com/banners/fanart/original/250487-33.jpg,Continuing,2011-10-05,FX,45,"Drama, Horror, Thriller","An anthology series centering on different characters and locations, including a house with a murderous past, an insane asylum, a witch coven, a freak show, a haunted hotel, a possessed farmhouse, a cult, the apocalypse and a slasher camp. ",TV-MA,tt1844624,8.4,6097,3.0
252322,Hunter x Hunter (2011),3,https://artworks.thetvdb.com/banners/posters/252322-7.jpg,https://artworks.thetvdb.com/banners/graphical/252322-g2.jpg,https://artworks.thetvdb.com/banners/fanart/original/252322-4.jpg,Ended,2011-10-02,NTV (JP),25,"Adventure, Animation, Anime, Drama, Fantasy","Remake of the 1999 TV series of Hunter x Hunter based on the manga by Togashi Yoshihiro.

A Hunter is one who travels the world doing all sorts of dangerous tasks. From capturing criminals to searching deep within uncharted lands for any lost treasures. Gon is a young boy whose father disappeared long ago, being a Hunter. He believes if he could also follow his father’s path, he could one day reunite with him.

After becoming 12, Gon leaves his home and takes on the task of entering the Hunter exam, notorious for its low success rate and high probability of death to become an official Hunter. He befriends the revenge-driven Kurapica, the doctor-to-be Leorio and the rebellious ex-assassin Killua in the exam, with their friendship prevailing throughout the many trials and threats they come upon taking on the dangerous career of a Hunter.",TV-14,tt2098220,9.1,2999,9.0
253463,Black Mirror,5,https://artworks.thetvdb.com/banners/posters/253463-10.jpg,https://artworks.thetvdb.com/banners/graphical/253463-g4.jpg,https://artworks.thetvdb.com/banners/fanart/original/253463-9.jpg,Continuing,2011-12-04,Netflix,50,"Drama, Science Fiction, Thriller",A television anthology series that shows the dark side of life and technology.,TV-MA,tt2085059,9.0,5042,8.0
253573,American Gods,2,https://artworks.thetvdb.com/banners/posters/253573-3.jpg,https://artworks.thetvdb.com/banners/graphical/253573-g3.jpg,https://artworks.thetvdb.com/banners/fanart/original/253573-6.jpg,Continuing,2017-04-30,Starz,61,"Action, Adventure, Fantasy, Suspense","Based on Neil Gaiman's 2001 novel of the same name, ex-convict Shadow Moon becomes the traveling partner of a mysterious conman named Mr. Wednesday after his release from prison. He soon discovers Mr. Wednesday is more than he seems and becomes embroiled in an epic conflict between Old Gods and New.",TV-MA,tt1898069,8.3,796,8.0
259063,Hannibal,3,https://artworks.thetvdb.com/banners/posters/259063-9.jpg,https://artworks.thetvdb.com/banners/graphical/259063-g8.jpg,https://artworks.thetvdb.com/banners/fanart/original/259063-18.jpg,Ended,2013-04-04,NBC,45,"Crime, Drama, Horror","Both a gift and a curse, Will Graham has the extraordinary ability to think like his prey—he sees what they see, feels what they feel. But while Graham is pursuing an especially troubling, cannibalistic murderer, Special Agent Jack Crawford teams him with a highly respected psychiatrist – a man with a taste for the criminal minded – Dr. Hannibal Lecter.",TV-MA,tt2243973,8.7,3909,7.0
259569,Brickleberry,3,https://artworks.thetvdb.com/banners/posters/259569-1.jpg,https://artworks.thetvdb.com/banners/graphical/259569-g.jpg,https://artworks.thetvdb.com/banners/fanart/original/259569-1.jpg,Ended,2012-09-25,Comedy Central,25,"Animation, Comedy","Brickleberry is an animated series that follows the misadventures of a motley crew of national park forest rangers. When their fledgling park faces disclosure, a new ranger is enlisted to whip everyone into shape and save the park.
The series is being executive produced by our own Daniel Tosh along with comedians Waco O'Guin and Roger Black, who wrote and created the series. In addition to Tosh's helming duties, he'll voice the part of Malloy, a tiny brown bear.
Told about the show's greenlight, Tosh said, ""This is going to be on TV? I thought this was a comic strip?""",TV-MA,tt2022713,8.5,662,6.0
259669,Da Vinci's Demons,3,https://artworks.thetvdb.com/banners/posters/259669-2.jpg,https://artworks.thetvdb.com/banners/graphical/259669-g5.jpg,https://artworks.thetvdb.com/banners/fanart/original/259669-7.jpg,Ended,2013-04-22,Starz,55,"Adventure, Drama, Fantasy","The series follows the ""untold"" story of Leonardo Da Vinci: the genius during his early years in Renaissance Florence. As a 25-year old artist, inventor, swordsman, lover, dreamer and idealist, he struggles to live within the confines of his own reality and time as he begins to not only see the future, but invent it. ",TV-MA,tt2094262,7.9,2069,6.0
259972,Gravity Falls,2,https://artworks.thetvdb.com/banners/posters/259972-3.jpg,https://artworks.thetvdb.com/banners/graphical/259972-g.jpg,https://artworks.thetvdb.com/banners/fanart/original/259972-1.jpg,Ended,2012-06-15,Disney XD,25,"Action, Adventure, Animation, Comedy, Family, Fantasy","Twin brother and sister Dipper and Mabel Pines are in for an unexpected adventure when they spend the summer helping their Great Uncle Stan run a tourist trap in the mysterious town of Gravity Falls, Oregon.",TV-Y7,tt1865718,9.3,1758,8.0
260315,Orphan Black,5,https://artworks.thetvdb.com/banners/posters/260315-4.jpg,https://artworks.thetvdb.com/banners/graphical/260315-g7.jpg,https://artworks.thetvdb.com/banners/fanart/original/260315-16.jpg,Ended,2013-03-30,BBC America,45,"Drama, Science Fiction",A streetwise hustler is pulled into a compelling conspiracy after witnessing the suicide of a girl who looks just like her.,TV-MA,tt2234222,8.8,4966,5.0
260449,Vikings,6,https://artworks.thetvdb.com/banners/posters/260449-3.jpg,https://artworks.thetvdb.com/banners/graphical/260449-g3.jpg,https://artworks.thetvdb.com/banners/fanart/original/260449-19.jpg,Continuing,2013-02-22,History,45,"Action, Drama","Vikings follows the adventures of Ragnar Lothbrok the greatest hero of his age. The series tells the sagas of Ragnar's band of Viking brothers and his family, as he rises to become King of the Viking tribes. As well as being a fearless warrior, Ragnar embodies the Norse traditions of devotion to the gods, legend has it that he was a direct descendant of Odin, the god of war and warriors.",TV-MA,tt2306299,8.8,11561,7.0
262980,House of Cards (US),6,https://artworks.thetvdb.com/banners/posters/262980-3.jpg,https://artworks.thetvdb.com/banners/graphical/262980-g5.jpg,https://artworks.thetvdb.com/banners/fanart/original/262980-2.jpg,Ended,2013-02-01,Netflix,55,"Crime, Drama","Ruthless and cunning, Congressman Francis Underwood and his wife Claire stop at nothing to conquer everything. This wicked political drama penetrates the shadowy world of greed, sex and corruption in modern D.C.",TV-MA,tt1856010,8.9,4719,7.0
264586,Orange Is the New Black,7,https://artworks.thetvdb.com/banners/posters/264586-3.jpg,https://artworks.thetvdb.com/banners/graphical/264586-g4.jpg,https://artworks.thetvdb.com/banners/fanart/original/264586-14.jpg,Ended,2013-07-11,Netflix,60,"Comedy, Crime, Drama","Piper Chapman is a public relations executive with a career and a fiance when her past suddenly catches up to her. In her mid-30s she is sentenced to spend time in a minimum-security women's prison in Connecticut for her association with a drug runner 10 years earlier. Forced to trade power suits for prison orange, Chapman makes her way through the corrections system and adjusts to life behind bars, making friends with the many eccentric, unusual and unexpected people she meets.",TV-MA,tt2372162,8.7,4192,8.0
265766,Penny Dreadful,3,https://artworks.thetvdb.com/banners/posters/265766-3.jpg,https://artworks.thetvdb.com/banners/graphical/265766-g11.jpg,https://artworks.thetvdb.com/banners/fanart/original/265766-4.jpg,Ended,2014-04-04,Showtime,60,"Drama, Fantasy, Horror","Penny Dreadful is a frightening psychological thriller that weaves together the monsters of classic stories. The explorer Sir Malcolm Murray, American gunslinger Ethan Chandler, Miss Vanessa Ives and others unite to combat supernatural threats in Victorian London. They encounter some of literature's most terrifying characters, including Dr. Frankenstein, Dorian Gray, the Wolfman and iconic figures from the novel Dracula.",TV-MA,tt2628232,8.6,2836,7.0
266091,Marco Polo (2014),2,https://artworks.thetvdb.com/banners/posters/266091-12.jpg,https://artworks.thetvdb.com/banners/graphical/266091-g3.jpg,https://artworks.thetvdb.com/banners/fanart/original/266091-13.jpg,Ended,2014-12-12,Netflix,55,"Action, Adventure, Drama","In a world replete with greed, betrayal, sexual intrigue and rivalry, ""Marco Polo"" is based on the famed explorer's adventures in Kublai Khan's court in 13th century China.",TV-MA,tt2189461,8.2,667,6.0
268581,Jonathan Strange & Mr Norrell,1,https://artworks.thetvdb.com/banners/posters/268581-3.jpg,https://artworks.thetvdb.com/banners/graphical/268581-g2.jpg,https://artworks.thetvdb.com/banners/fanart/original/268581-1.jpg,Ended,2015-05-17,BBC One,60,"Fantasy, Science Fiction","Set at the beginning of the 19th-century, England no longer believes in practical magic. The reclusive Mr Norrell of Hurtfew Abbey stuns the city of York when he causes the statues of York Cathedral to speak and move. With a little persuasion and help from his man of business Childermass, he goes to London to help the government in the war against Napoleon. It is there Norrell summons a fairy to bring Lady Pole back from the dead, opening a whole can of worms…",TV-14,tt2548418,8.5,324,3.0
269586,Brooklyn Nine-Nine,7,https://artworks.thetvdb.com/banners/posters/269586-11.jpg,https://artworks.thetvdb.com/banners/graphical/269586-g3.jpg,https://artworks.thetvdb.com/banners/fanart/original/269586-7.jpg,Continuing,2013-08-11,FOX,25,"Action, Comedy, Crime","An ensemble comedy following the lives of an eclectic group of detectives in a New York precinct, including one slacker who is forced to shape up when he gets a new boss.  ",TV-14,tt2467372,8.6,2679,8.0
269613,Fargo,3,https://artworks.thetvdb.com/banners/posters/269613-3.jpg,https://artworks.thetvdb.com/banners/graphical/269613-g3.jpg,https://artworks.thetvdb.com/banners/fanart/original/269613-2.jpg,Continuing,2014-04-15,FX,50,"Comedy, Crime, Drama, Thriller","An american black comedy–crime drama anthology television series created and primarily written by Noah Hawley. The show is inspired by the 1996 film of the same name written and directed by the Coen brothers, who serve as executive producers on the series. Each season follows an anthology format, being set in a different era along with a different story, cast and set of characters.",TV-MA,tt2802850,9.1,3889,9.0
269689,The Leftovers,3,https://artworks.thetvdb.com/banners/posters/269689-11.jpg,https://artworks.thetvdb.com/banners/graphical/269689-g2.jpg,https://artworks.thetvdb.com/banners/fanart/original/269689-8.jpg,Ended,2014-06-18,HBO,55,"Drama, Fantasy, Suspense","Three years after the disappearance of 2% of the global population, a group of people from New York struggle to continue their lives, while they cope with the tragedy of the unexplained nature of the event. ",TV-MA,tt2699128,8.8,2939,8.0
269750,Wayward Pines,2,https://artworks.thetvdb.com/banners/posters/269750-3.jpg,https://artworks.thetvdb.com/banners/graphical/269750-g2.jpg,https://artworks.thetvdb.com/banners/fanart/original/269750-3.jpg,Ended,2015-05-14,FOX,45,"Drama, Science Fiction, Suspense","Secret Service agent Ethan Burke arrives in the bucolic town of Wayward Pines, ID, on a mission to find two missing federal agents. But instead of answers, Ethan's investigation only turns up more questions. What's wrong with Wayward Pines? Each step closer to the truth takes Ethan further from the life he knew, from the husband and father he was, until he must face the terrifying reality that he may never get out of Wayward Pines alive.",TV-14,tt2618986,7.8,1472,2.0
270633,True Detective,3,https://artworks.thetvdb.com/banners/posters/270633-3.jpg,https://artworks.thetvdb.com/banners/graphical/270633-g4.jpg,https://artworks.thetvdb.com/banners/fanart/original/270633-10.jpg,Continuing,2014-01-07,HBO,60,"Crime, Drama, Mystery, Thriller","An anthology series in which police investigations unearth the personal and professional secrets of those involved, both within and outside the law.",TV-MA,tt2356777,9.1,5470,9.0
270915,Peaky Blinders,5,https://artworks.thetvdb.com/banners/posters/270915-7.jpg,https://artworks.thetvdb.com/banners/graphical/270915-g5.jpg,https://artworks.thetvdb.com/banners/fanart/original/270915-10.jpg,Continuing,2013-09-12,BBC iPlayer,55,"Crime, Drama","A gangster family epic set in 1919 Birmingham, England and centered on a gang who sew razor blades in the peaks of their caps, and their fierce boss Tommy Shelby, who means to move up in the world.",TV-MA,tt2442560,8.9,1209,7.0
271910,Halt and Catch Fire,4,https://artworks.thetvdb.com/banners/posters/271910-4.jpg,https://artworks.thetvdb.com/banners/graphical/271910-g2.jpg,https://artworks.thetvdb.com/banners/fanart/original/271910-2.jpg,Ended,2014-06-01,AMC,45,Drama,"In the early 1980s a visionary, an engineer and a prodigy combine to confront the corporate behemoths of the time. Their personal and professional lives will be challenged by greed and ego while charting the changing culture in Texas' Silicon Prairie.",TV-14,tt2543312,8.3,1367,9.0
272644,12 Monkeys,4,https://artworks.thetvdb.com/banners/posters/272644-14.jpg,https://artworks.thetvdb.com/banners/graphical/272644-g5.jpg,https://artworks.thetvdb.com/banners/fanart/original/272644-10.jpg,Ended,2015-01-15,Syfy,45,"Action, Science Fiction, Suspense","Using a dangerous and untested method of time travel, Cole arrives from a post-apocalyptic future in the present day. His mission is to locate and eradicate the source of a deadly plague that will eventually decimate 93.6% of the human race.",TV-14,tt3148266,8.0,1916,4.0
273181,Better Call Saul,5,https://artworks.thetvdb.com/banners/posters/273181-1.jpg,https://artworks.thetvdb.com/banners/graphical/273181-g5.jpg,https://artworks.thetvdb.com/banners/fanart/original/273181-4.jpg,Continuing,2015-01-05,AMC,47,"Crime, Drama","See the rise of Jimmy McGill, a small-time lawyer searching for his destiny, but hustling to make ends meet. Working alongside, and often against Jimmy, is ‘fixer’ Mike Erhmantraut. The series tracks Jimmy's evolution into Saul Goodman, the man who puts the word ‘criminal’ in ‘criminal lawyer’.",TV-MA,tt3032476,8.9,3686,9.0
275274,Rick and Morty,4,https://artworks.thetvdb.com/banners/posters/275274-2.jpg,https://artworks.thetvdb.com/banners/graphical/275274-g8.jpg,https://artworks.thetvdb.com/banners/fanart/original/275274-9.jpg,Continuing,2013-07-29,Adult Swim,25,"Adventure, Animation, Comedy, Science Fiction","An animated series that follows the misadventures of an alcoholic scientist Rick and his overly nervous grandson Morty, who split their time between domestic family life and intergalactic travel. Often finding themselves in a heap of trouble that more often than not is created through their own actions.",TV-MA,tt2861424,9.3,3660,9.0
277165,Silicon Valley,6,https://artworks.thetvdb.com/banners/posters/277165-5.jpg,https://artworks.thetvdb.com/banners/graphical/277165-g9.jpg,https://artworks.thetvdb.com/banners/fanart/original/277165-2.jpg,Ended,2014-04-06,HBO,30,"Comedy, Drama","In the high-tech gold rush of modern Silicon Valley, the people most qualified to succeed are the least capable of handling success. A comedy partially inspired by Mike Judge's own experiences as a Silicon Valley engineer in the late 1980s.",TV-MA,tt2575988,8.8,2476,7.0
279536,Billions,5,https://artworks.thetvdb.com/banners/posters/279536-2.jpg,https://artworks.thetvdb.com/banners/graphical/279536-g4.jpg,https://artworks.thetvdb.com/banners/fanart/original/279536-3.jpg,Continuing,2016-01-17,Showtime,60,Drama,"U.S. Attorney Chuck Rhoades goes after hedge fund king, Bobby ""Axe"" Axelrod in a battle between two powerful New York figures.",TV-MA,tt4270492,8.7,979,6.0
281620,How to Get Away with Murder,6,https://artworks.thetvdb.com/banners/posters/281620-1.jpg,https://artworks.thetvdb.com/banners/graphical/281620-g4.jpg,https://artworks.thetvdb.com/banners/fanart/original/281620-1.jpg,Ended,2014-09-25,ABC (US),45,"Crime, Drama, Mystery, Thriller",A group of ambitious law students and their brilliant criminal defense professor become involved in a twisted murder plot that promises to change the course of their lives.,TV-14,tt3205802,9.1,2058,5.0
281622,The Last Man on Earth,4,https://artworks.thetvdb.com/banners/posters/281622-1.jpg,https://artworks.thetvdb.com/banners/graphical/281622-g3.jpg,https://artworks.thetvdb.com/banners/fanart/original/281622-3.jpg,Ended,2015-03-01,FOX,25,"Action, Comedy, Drama, Romance, Science Fiction","The year is 2022, and after an unlikely event, only one man is left on earth: Phil Miller, who used to be just an average guy who loved his family and hated his job at the bank. Now, in his RV, Phil searches the country for other survivors. He has traveled to every city, every town and every outpost in the United States, Mexico and Canada, and has found no one, which leads him to the painful realization that he is almost certainly the last living being on the face of the earth.",TV-14,tt3230454,7.7,1448,2.0
282254,BoJack Horseman,6,https://artworks.thetvdb.com/banners/posters/282254-6.jpg,https://artworks.thetvdb.com/banners/graphical/282254-g.jpg,https://artworks.thetvdb.com/banners/fanart/original/282254-8.jpg,Ended,2014-08-22,Netflix,25,"Animation, Comedy, Drama","Meet the most beloved sitcom horse of the '90s, 20 years later. He’s a curmudgeon with a heart of...not quite gold...but something like gold. Copper?",TV-MA,tt3398228,8.9,660,8.0
282670,Narcos,3,https://artworks.thetvdb.com/banners/posters/282670-9.jpg,https://artworks.thetvdb.com/banners/graphical/282670-g.jpg,https://artworks.thetvdb.com/banners/fanart/original/282670-9.jpg,Ended,2015-08-28,Netflix,50,"Action, Crime, Drama",A gritty chronicle of the war against Latin America's most notorious drug cartels.,TV-MA,tt2707408,8.9,2317,7.0
289108,American Crime Story,3,https://artworks.thetvdb.com/banners/posters/289108-8.jpg,https://artworks.thetvdb.com/banners/graphical/289108-g.jpg,https://artworks.thetvdb.com/banners/fanart/original/289108-31.jpg,Continuing,2016-02-02,FX,55,"Crime, Drama",An award-winning anthology series that examines some of America's most famous crimes. Each season is presented as a self-contained mini-series following unrelated true events.,TV-MA,tt2788432,9.4,331,7.0
289590,Mr. Robot,4,https://artworks.thetvdb.com/banners/posters/289590-12.jpg,https://artworks.thetvdb.com/banners/graphical/289590-g5.jpg,https://artworks.thetvdb.com/banners/fanart/original/289590-19.jpg,Ended,2015-06-24,USA Network,50,"Crime, Drama, Thriller","Mr. Robot follows Elliot, a young programmer who works as a cyber-security engineer by day and a vigilante hacker by night. Elliot finds himself at a crossroads when the mysterious leader of an underground hacker group recruits him to destroy the corporation.",TV-MA,tt4158110,9.0,4523,9.0
290508,The Night Manager,1,https://artworks.thetvdb.com/banners/posters/290508-6.jpg,https://artworks.thetvdb.com/banners/graphical/290508-g7.jpg,https://artworks.thetvdb.com/banners/fanart/original/290508-4.jpg,Ended,2016-02-21,BBC One,60,"Drama, Thriller","The contemporary interpretation of le Carre’s espionage drama - and the first TV adaptation of a le Carre novel in more than two decades - follows a former British soldier as he navigates the shadowy recesses of Whitehall and Washington where an alliance operates between the intelligence community and the secret arms trade, infiltrating the inner circle of arms dealer.",TV-14,tt1399664,8.5,651,6.0
292157,Taboo (2017),1,https://artworks.thetvdb.com/banners/posters/292157-1.jpg,https://artworks.thetvdb.com/banners/graphical/292157-g3.jpg,https://artworks.thetvdb.com/banners/fanart/original/292157-2.jpg,Continuing,2017-01-07,BBC One,60,"Action, Drama","James Keziah Delaney has been to the ends of the earth and comes back irrevocably changed. Believed to be long dead, he returns home to London from Africa to inherit what is left of his father's shipping empire and rebuild a life for himself. But his father's legacy is a poisoned chalice, and with enemies lurking in every dark corner, James must navigate increasingly complex territories to avoid his own death sentence. Encircled by conspiracy, murder and betrayal, a dark family mystery unfolds in a combustible tale of love and treachery.",TV-14,tt3647998,8.8,887,7.0
293088,One-Punch Man,2,https://artworks.thetvdb.com/banners/posters/293088-2.jpg,https://artworks.thetvdb.com/banners/graphical/293088-g2.jpg,https://artworks.thetvdb.com/banners/fanart/original/293088-2.jpg,Continuing,2015-10-04,TV Tokyo,25,"Action, Animation, Anime, Comedy, Science Fiction","Saitama is a superhero who has trained so hard that his hair has fallen out, and who can overcome any enemy with one punch. However, because he is so strong, he has become bored and frustrated that he wins all of his battles too easily.",TV-14,tt4508902,8.9,3848,8.0
295685,Lucifer,5,https://artworks.thetvdb.com/banners/posters/295685-9.jpg,https://artworks.thetvdb.com/banners/graphical/295685-g2.jpg,https://artworks.thetvdb.com/banners/fanart/original/295685-7.jpg,Continuing,2015-07-10,FOX,45,"Action, Comedy, Crime, Fantasy","Lucifer, the original fallen angel, is bored and unhappy in Hell and decides to retire to Los Angeles and open an upscale nightclub. After a murder takes place outside his club, he meets an intriguing homicide detective named Chloe, and partners up with her to solve cases.",TV-14,tt4052886,8.4,2390,4.0
295829,The Man in the High Castle,4,https://artworks.thetvdb.com/banners/posters/295829-7.jpg,https://artworks.thetvdb.com/banners/graphical/295829-g8.jpg,https://artworks.thetvdb.com/banners/fanart/original/295829-3.jpg,Ended,2015-01-15,Amazon,60,"Drama, Thriller","A glimpse into an alternate history of North America: what life after WWII might have been like if the Nazis had won the war. The Man in the High Castle explores daily life in 1962, fourteen years after the end of a longer Second World War (1939–1948 in this history). The victorious Axis Powers - Imperial Japan, Fascist Italy, and Nazi Germany - are conducting intrigues against each other in North America, specifically in the former U.S., which surrendered to them once they had conquered Eurasia and destroyed the populaces of Africa.",TV-PG,tt1740299,8.1,1424,6.0
296295,Ash vs Evil Dead,3,https://artworks.thetvdb.com/banners/posters/296295-2.jpg,https://artworks.thetvdb.com/banners/graphical/296295-g3.jpg,https://artworks.thetvdb.com/banners/fanart/original/296295-4.jpg,Ended,2015-07-10,Starz,30,"Comedy, Horror, Thriller","Ash has spent the last thirty years avoiding responsibility, maturity, and the terrors of the Evil Dead until a Deadite plague threatens to destroy all of mankind and Ash becomes mankind's only hope. ",TV-MA,tt4189022,8.7,1639,6.0
296762,Westworld,3,https://artworks.thetvdb.com/banners/posters/296762-3.jpg,https://artworks.thetvdb.com/banners/graphical/296762-g3.jpg,https://artworks.thetvdb.com/banners/fanart/original/296762-7.jpg,Continuing,2016-10-02,HBO,58,"Adventure, Drama, Science Fiction, Western","Westworld is a dark odyssey about the dawn of artificial consciousness and the evolution of sin. Set at the intersection of the near future and the reimagined past, it explores a world in which every human appetite, no matter how noble or depraved, can be indulged.",TV-MA,tt0475784,8.9,3255,8.0
298901,Master of None,2,https://artworks.thetvdb.com/banners/posters/298901-2.jpg,https://artworks.thetvdb.com/banners/graphical/298901-g2.jpg,https://artworks.thetvdb.com/banners/fanart/original/298901-14.jpg,Ended,2015-11-06,Netflix,30,"Comedy, Romance","The show follows the personal and professional lives of Dev, a 30-year-old actor who has trouble deciding what he wants to eat, much less the pathway for the rest of his life. Dev’s story takes him through subjects as diverse as the plight of the elderly, the immigrant experience, and how to find the most delicious pasta for dinner.",TV-MA,tt4635276,7.4,230,6.0
300166,Sneaky Pete,3,https://artworks.thetvdb.com/banners/posters/300166-3.jpg,https://artworks.thetvdb.com/banners/graphical/300166-g2.jpg,https://artworks.thetvdb.com/banners/fanart/original/300166-3.jpg,Ended,2015-08-07,Amazon,50,"Crime, Drama","After leaving prison, Marius takes cover from his past by assuming the identity of his cellmate Pete. He moves in with Pete's long-estranged unsuspecting family and is roped into the family's bail bond business. He's a criminal taking down other criminals and, in the process, discovers the family life he never had.",TV-MA,tt5011816,7.3,275,7.0
300472,Preacher,4,https://artworks.thetvdb.com/banners/posters/300472-3.jpg,https://artworks.thetvdb.com/banners/graphical/300472-g9.jpg,https://artworks.thetvdb.com/banners/fanart/original/300472-1.jpg,Ended,2016-05-22,AMC,40,"Adventure, Drama, Fantasy","What if an angel and a demon procreate? What would that offspring be? Would it be holy or demonic or both? Preacher is that tale. The offspring has no body, just a soul. That soul needs a body and chose Jesse Custer. A preacher from Texas with a loss of faith and a drinking problem. The offspring called Genesis bonds with Jesse, giving him the word of God. What he says is done.",TV-MA,tt5016504,8.5,1248,7.0
301824,11.22.63,1,https://artworks.thetvdb.com/banners/posters/301824-3.jpg,https://artworks.thetvdb.com/banners/graphical/301824-g.jpg,https://artworks.thetvdb.com/banners/fanart/original/301824-4.jpg,Ended,2016-02-15,Hulu,50,"Drama, Mini-Series, Science Fiction","Jake Epping, an ordinary high school teacher, is presented with a chance to change history. When a longtime friend shows Jake how to travel back in time, he tasks Jake with a mission he has been trying in vain to complete: stopping the assassination of John F. Kennedy on Nov. 22, 1963. Jake quickly learns that the past does not want to be changed, and that his attempts to divert the course of history can quickly turn dangerous.",TV-MA,tt2879552,8.0,1277,7.0
305288,Stranger Things,4,https://artworks.thetvdb.com/banners/posters/305288-4.jpg,https://artworks.thetvdb.com/banners/graphical/305288-g4.jpg,https://artworks.thetvdb.com/banners/fanart/original/305288-9.jpg,Continuing,2016-07-15,Netflix,50,"Adventure, Drama, Fantasy, Horror, Suspense","Tribute to the classic supernatural mysteries of the 80s, ""Stranger Things"" is the story of a boy who disappears in the small town of Hawkins, Indiana, without a trace in 1983. In his desperate search, both his friends and family and the local sheriff are involved in an extraordinary enigma: top-secret experiments, terrifying paranormal forces and a very, very rare girl ...",TV-14,tt4574334,9.2,4140,7.0
305574,The Crown,3,https://artworks.thetvdb.com/banners/posters/305574-3.jpg,https://artworks.thetvdb.com/banners/graphical/305574-g2.jpg,https://artworks.thetvdb.com/banners/fanart/original/305574-7.jpg,Continuing,2016-11-04,Netflix,60,Drama,"The inside story of two of the most famous addresses in the world – Buckingham Palace and 10 Downing Street – and the intrigues, love lives and machinations behind the great events that shaped the second half of the 20th century. Two houses. Two courts. One Crown.",TV-PG,tt4786824,8.9,692,8.0
305719,Big Little Lies,2,https://artworks.thetvdb.com/banners/posters/305719-4.jpg,https://artworks.thetvdb.com/banners/graphical/305719-g3.jpg,https://artworks.thetvdb.com/banners/fanart/original/305719-2.jpg,Continuing,2017-02-19,HBO,52,"Comedy, Crime, Drama, Suspense","Based on Liane Moriarty’s bestselling book, and featuring Reese Witherspoon, Nicole Kidman, and Shailene Woodley, this darkly comedic series tells the tale of three mothers whose seemingly perfect lives unravel to the point of murder. ",TV-MA,tt3920596,8.9,611,8.0
309765,Horace and Pete,1,https://artworks.thetvdb.com/banners/posters/309765-1.jpg,https://artworks.thetvdb.com/banners/graphical/309765-g.jpg,https://artworks.thetvdb.com/banners/fanart/original/309765-2.jpg,Ended,2016-01-30,Hulu,60,Drama,"The owners of a dive bar in Brooklyn, Horace and Pete, along with bar regulars share their experiences and lives with each other while drinking or working at the bar.",TV-MA,tt5425186,9.9,187,6.0
310516,The Night Of,1,https://artworks.thetvdb.com/banners/posters/310516-3.jpg,https://artworks.thetvdb.com/banners/graphical/310516-g.jpg,https://artworks.thetvdb.com/banners/fanart/original/310516-2.jpg,Ended,2016-07-10,HBO,55,"Crime, Drama, Mini-Series","After a night of partying with a female stranger, a man wakes up to find her stabbed to death and is charged with her murder.",TV-MA,tt2401256,8.7,779,9.0
311711,The Good Place,4,https://artworks.thetvdb.com/banners/posters/311711-3.jpg,https://artworks.thetvdb.com/banners/graphical/311711-g.jpg,https://artworks.thetvdb.com/banners/fanart/original/311711-10.jpg,Ended,2016-09-19,NBC,25,"Comedy, Fantasy, Romance","Eleanor Shellstrop is an ordinary woman who, through an extraordinary string of events, enters the afterlife where she comes to realize that she hasn't been a very good person. With the help of her wise afterlife mentor, she's determined to shed her old way of living and discover the awesome (or at least the pretty good) person within.",TV-14,tt4955642,8.7,693,6.0
312505,Dirk Gently's Holistic Detective Agency,2,https://artworks.thetvdb.com/banners/posters/312505-4.jpg,https://artworks.thetvdb.com/banners/graphical/312505-g2.jpg,https://artworks.thetvdb.com/banners/fanart/original/312505-3.jpg,Ended,2016-06-25,BBC America,45,"Comedy, Crime, Thriller","A group of social pariahs, with somewhat direct connections to the happenings of the universe, follow the holistic philosophy of ""everything is connected"". Dirk embraces being a weirdness magnet and is a self-styled ""holistic detective"". Dirk drags his unwitting and unwilling Dr. Watson, Todd, into his absurd ""cases"" that decipher how everything is connected.",TV-14,tt4047038,8.3,806,7.0
313969,The Young Pope,1,https://artworks.thetvdb.com/banners/posters/313969-3.jpg,https://artworks.thetvdb.com/banners/graphical/313969-g2.jpg,https://artworks.thetvdb.com/banners/fanart/original/313969-5.jpg,Ended,2016-10-21,Sky Atlantic (IT),60,Drama,"Lenny Belardo, the youngest and first American Pope in the history of the Church, must establish his new papacy and navigate the power struggles of the closed, secretive Vatican.",TV-PG,tt3655448,7.6,248,7.0
313999,Atlanta,4,https://artworks.thetvdb.com/banners/posters/313999-2.jpg,https://artworks.thetvdb.com/banners/graphical/313999-g6.jpg,https://artworks.thetvdb.com/banners/fanart/original/313999-10.jpg,Continuing,2016-09-06,FX,25,"Comedy, Drama","Two cousins, with different views on art versus commerce, on their way up through the Atlanta rap scene; Earnest 'Earn' Marks, an ambitious college dropout and his estranged cousin, who suddenly becomes a star.",TV-MA,tt4288182,8.5,524,7.0
314614,Fleabag,2,https://artworks.thetvdb.com/banners/posters/314614-3.jpg,https://artworks.thetvdb.com/banners/graphical/314614-g.jpg,https://artworks.thetvdb.com/banners/fanart/original/314614-1.jpg,Ended,2016-07-21,BBC Three,25,"Comedy, Drama","Meet Fleabag. She’s not talking to all of us; she’s talking to YOU. So why don’t you pop your top off and come right in?

Fleabag is a hilarious and poignant window into the mind of a dry-witted, sexual, angry, porn-watching, grief-riddled woman trying to make sense of the world.",TV-MA,tt5687612,8.6,274,8.0
315321,Goliath,4,https://artworks.thetvdb.com/banners/posters/315321-2.jpg,https://artworks.thetvdb.com/banners/graphical/315321-g.jpg,https://artworks.thetvdb.com/banners/fanart/original/315321-3.jpg,Continuing,2016-10-14,Amazon,55,Drama,"Once a powerful lawyer, Billy McBride is now burned out and washed up, spending more time in a bar than a courtroom. When he reluctantly agrees to pursue a wrongful death lawsuit against the biggest client of Cooperman & McBride, the massive law firm he helped create, Billy and his ragtag team uncover a vast and deadly conspiracy, pitting them all in a life or death trial against the ultimate Goliath.",TV-14,tt4687880,7.4,208,7.0
317728,The Deuce,3,https://artworks.thetvdb.com/banners/posters/317728-3.jpg,https://artworks.thetvdb.com/banners/graphical/317728-g3.jpg,https://artworks.thetvdb.com/banners/fanart/original/317728-1.jpg,Ended,2017-09-10,HBO,60,Drama,"This drama series follows the legalization and subsequent rise of the porn industry in New York from the early 1970s through the mid-1980s, exploring the rough-and-tumble world of midtown Manhattan. James Franco stars as real-life twin brothers who were players in the Times Square world and became fronts for mob control of the volatile and lucrative sex industry from its beginnings.",TV-MA,tt4998350,9.0,386,5.0
320724,Legion,3,https://artworks.thetvdb.com/banners/posters/320724-1.jpg,https://artworks.thetvdb.com/banners/graphical/320724-g3.jpg,https://artworks.thetvdb.com/banners/fanart/original/320724-3.jpg,Ended,2017-02-08,FX,45,"Action, Drama, Science Fiction, Thriller","David was diagnosed with schizophrenia at a young age, and has been a patient in various psychiatric hospitals since. After Haller has an encounter with a fellow psychiatric patient, he is confronted with the possibility that there may be more to him than mental illness.",TV-14,tt5114356,8.5,1161,4.0
321060,The OA,2,https://artworks.thetvdb.com/banners/posters/321060-3.jpg,https://artworks.thetvdb.com/banners/graphical/321060-g3.jpg,https://artworks.thetvdb.com/banners/fanart/original/321060-2.jpg,Ended,2016-12-16,Netflix,71,"Drama, Mystery, Science Fiction, Suspense, Thriller","Seven years after vanishing from her home, a young woman returns with mysterious new abilities and recruits five strangers for a secret mission.",TV-MA,tt4635282,8.3,556,6.0
321239,The Handmaid's Tale,3,https://artworks.thetvdb.com/banners/posters/321239-3.jpg,https://artworks.thetvdb.com/banners/graphical/321239-g3.jpg,https://artworks.thetvdb.com/banners/fanart/original/321239-3.jpg,Continuing,2017-04-26,Hulu,49,Drama,"In a dystopian near-future, the totalitarian and Christian-fundamentalist government of Gilead rules the former United States amidst an ongoing civil war and subjugates women, who are not allowed to work, control money, or even read. Widespread infertility due to environmental contamination has resulted in the conscription of young fertile women—called Handmaids, according to biblical precedent—who are assigned to the homes of the elite, where they must have ritualized sex with the men in order to become pregnant and bear children for those men and their wives.",TV-MA,tt5834204,8.9,891,8.0
322191,The Terror,2,https://artworks.thetvdb.com/banners/posters/322191-1.jpg,https://artworks.thetvdb.com/banners/graphical/322191-g5.jpg,https://artworks.thetvdb.com/banners/fanart/original/322191-2.jpg,Continuing,2018-03-26,AMC,50,"Adventure, Drama, Horror, Suspense, Thriller",A chilling anthology drama series inspired by true historical events.,TV-MA,tt2708480,8.3,260,7.0
324835,GLOW,3,https://artworks.thetvdb.com/banners/posters/324835-5.jpg,https://artworks.thetvdb.com/banners/graphical/324835-g2.jpg,https://artworks.thetvdb.com/banners/fanart/original/324835-6.jpg,Continuing,2017-06-23,Netflix,35,Comedy,A look at the personal and professional lives of a group of women who perform for a wrestling organization in Los Angeles.,TV-MA,tt5770786,9.2,144,5.0
326791,The Marvelous Mrs. Maisel,4,https://artworks.thetvdb.com/banners/posters/326791-3.jpg,https://artworks.thetvdb.com/banners/graphical/326791-g3.jpg,https://artworks.thetvdb.com/banners/fanart/original/326791-3.jpg,Continuing,2017-03-16,Amazon,55,"Comedy, Drama","It’s 1958 Manhattan and Miriam 'Midge' Maisel has everything she’s ever wanted—the perfect husband, kids and Upper West Side apartment. But when her life suddenly takes a turn and Midge must start over, she discovers a previously unknown talent—one that will take her all the way from the comedy clubs of Greenwich Village to a spot on Johnny Carson’s couch.",TV-MA,tt5788792,8.3,187,8.0
328708,MINDHUNTER,2,https://artworks.thetvdb.com/banners/posters/328708-7.jpg,https://artworks.thetvdb.com/banners/graphical/328708-g4.jpg,https://artworks.thetvdb.com/banners/fanart/original/328708-3.jpg,Continuing,2017-10-13,Netflix,55,"Crime, Drama, Thriller",In the late 1970s two FBI agents expand criminal science by delving into the psychology of murder and getting uneasily close to all-too-real monsters.,TV-MA,tt5290382,8.7,314,9.0
329079,The Defiant Ones,1,https://artworks.thetvdb.com/banners/posters/329079-4.jpg,https://artworks.thetvdb.com/banners/graphical/329079-g2.jpg,https://artworks.thetvdb.com/banners/fanart/original/329079-3.jpg,Ended,2017-07-09,HBO,60,"Documentary, Mini-Series","A four-part documentary series that tells the stories of Jimmy Iovine and Dr. Dre -- one the son of a Brooklyn longshoreman, the other straight out of Compton -- their improbable partnership and surprising leading roles in a series of transformative events in contemporary culture.",TV-MA,tt6958022,8.5,53,
329083,Philip K. Dick's Electric Dreams,1,https://artworks.thetvdb.com/banners/posters/329083-5.jpg,https://artworks.thetvdb.com/banners/graphical/329083-g3.jpg,https://artworks.thetvdb.com/banners/fanart/original/329083-2.jpg,Ended,2017-09-17,Channel 4,50,Science Fiction,"A sci-fi anthology series of epic, ambitious and moving standalone episodes - each set in a different and unique world, inspired by one of Philip K. Dick’s renowned short stories.",TV-MA,tt5711280,6.9,414,6.0
329089,Ozark,3,https://artworks.thetvdb.com/banners/posters/329089-2.jpg,https://artworks.thetvdb.com/banners/graphical/329089-g2.jpg,https://artworks.thetvdb.com/banners/fanart/original/329089-4.jpg,Continuing,2017-08-02,Netflix,60,"Crime, Drama, Thriller","A financial adviser drags his family from Chicago to the Missouri Ozarks, where he must launder $500 million in five years to appease a drug boss.",TV-MA,tt5071412,9.1,361,8.0
331600,Castle Rock,2,https://artworks.thetvdb.com/banners/posters/5db98c9265d96.jpg,https://artworks.thetvdb.com/banners/graphical/5b9fe35772e6d.jpg,https://artworks.thetvdb.com/banners/fanart/original/5b844a96b02ee.jpg,Continuing,2018-07-19,Hulu,50,"Drama, Horror, Suspense, Thriller","A psychological-horror series set in the Stephen King multiverse combining the mythological scale and intimate character storytelling of King’s best-loved works, weaving an epic saga of darkness and light, played out on a few square miles of Maine woodland.",TV-MA,tt6548228,10.0,29,8.0
332331,Altered Carbon,2,https://artworks.thetvdb.com/banners/posters/332331-8.jpg,https://artworks.thetvdb.com/banners/graphical/332331-g3.jpg,https://artworks.thetvdb.com/banners/fanart/original/332331-2.jpg,Continuing,2018-02-02,Netflix,50,"Action, Drama, Science Fiction, Thriller","After 250 years on ice, a prisoner returns to life in a new body with one chance to win his freedom: by solving a mind-bending murder.",TV-MA,tt2261227,8.5,617,4.0
332353,Final Space,2,https://artworks.thetvdb.com/banners/posters/332353-2.jpg,https://artworks.thetvdb.com/banners/text/332353.jpg,https://artworks.thetvdb.com/banners/fanart/original/332353-2.jpg,Continuing,2016-04-05,Adult Swim,20,"Adventure, Animation, Comedy, Science Fiction","An astronaut named Gary and his planet-destroying sidekick Mooncake embark on serialized journeys through space in order to unlock the mystery of “Final Space,” the last point in the universe, if it actually does exist.",TV-14,tt6317068,9.4,189,6.0
332858,Cobra Kai,2,https://artworks.thetvdb.com/banners/posters/332858-2.jpg,https://artworks.thetvdb.com/banners/graphical/332858-g.jpg,https://artworks.thetvdb.com/banners/fanart/original/332858-1.jpg,Continuing,1984-06-22,YouTube,30,"Action, Drama","Cobra Kai takes place 30 years after the events of the 1984 All Valley Karate Tournament and finds Johnny Lawrence on the hunt for redemption by reopening the infamous Cobra Kai karate dojo. This reignites his old rivalry with the successful Daniel LaRusso, who has been working to maintain the balance in his life without mentor Mr. Miyagi.",TV-14,tt7221388,10.0,29,7.0
333072,Barry,2,https://artworks.thetvdb.com/banners/posters/333072-3.jpg,https://artworks.thetvdb.com/banners/graphical/333072-g2.jpg,https://artworks.thetvdb.com/banners/fanart/original/333072-3.jpg,Continuing,2018-03-25,HBO,30,"Comedy, Crime, Drama","After following his intended target to an acting class, a hitman finds himself intrigued and decides to become an actor and change his life.",TV-MA,tt5348176,7.8,120,8.0
333801,Godless,1,https://artworks.thetvdb.com/banners/posters/333801-2.jpg,https://artworks.thetvdb.com/banners/graphical/333801-g2.jpg,https://artworks.thetvdb.com/banners/fanart/original/333801-7.jpg,Ended,2017-11-22,Netflix,70,"Drama, Mini-Series, Western","Notorious criminal Frank Griffin and his gang of outlaws are on a mission of revenge against Roy Goode, a son-like protégé who betrayed the brotherhood. While on the run, Roy seeks refuge with hardened widower Alice Fletcher, an outcast herself, in a worn-down, isolated mining town of La Belle, NM — governed mainly by women. When word reaches La Belle that Griffin is headed their way, the town bands together to defend against the murderous gang in a lawless western frontier.",TV-14,tt5516154,8.9,250,8.0
336261,Tom Clancy's Jack Ryan,2,https://artworks.thetvdb.com/banners/posters/336261-2.jpg,https://artworks.thetvdb.com/banners/graphical/336261-g.jpg,https://artworks.thetvdb.com/banners/fanart/original/336261-1.jpg,Continuing,2018-08-31,Amazon,45,"Action, Drama, Thriller","An up-and-coming CIA analyst, Jack Ryan, is thrust into a dangerous field assignment as he uncovers a pattern in terrorist communication that launches him into the center of a dangerous gambit. ",TV-MA,tt5057054,9.4,143,2.0
336522,The End of the F***ing World,2,https://artworks.thetvdb.com/banners/posters/336522-1.jpg,https://artworks.thetvdb.com/banners/graphical/5d30afd8c12a8.jpg,https://artworks.thetvdb.com/banners/fanart/original/336522-5.jpg,Ended,2017-10-24,Channel 4,21,"Comedy, Drama, Romance","James is a 17-year-old who believes he is a psychopath. He kills animals as a hobby, but grows bored of the practice. He decides he wants to try killing a human. He settles on Alyssa, a mouthy, rebellious 17-year-old classmate with issues of her own. She proposes they run away together, hoping for an adventure away from her turbulent home-life, and James agrees with the intention of finding an opportunity to kill her. They embark on a road trip across England, and begin to develop a relationship after a series of mishaps.",TV-MA,tt6257970,8.3,435,5.0
337302,Counterpart,2,https://artworks.thetvdb.com/banners/posters/337302-4.jpg,https://artworks.thetvdb.com/banners/graphical/337302-g6.jpg,https://artworks.thetvdb.com/banners/fanart/original/337302-2.jpg,Ended,2018-01-21,Starz,55,"Drama, Science Fiction, Thriller","After discovering that the spy agency he works for is hiding a gateway to a parallel dimension, a low-level UN bureaucrat in Berlin is thrust into a shadow world of intrigue and danger and must determine if he can trust his near-identical counterpart in the other world.",TV-MA,tt4643084,8.3,464,5.0
338946,Patrick Melrose,1,https://artworks.thetvdb.com/banners/posters/338946-2.jpg,https://artworks.thetvdb.com/banners/graphical/5af95c0539a34.jpg,https://artworks.thetvdb.com/banners/fanart/original/338946-1.jpg,Ended,2018-05-12,Showtime,60,"Drama, Mini-Series","Based on the acclaimed Patrick Melrose series of semi-autobiographical novels written by Edward St. Aubyn, Melrose hilariously skewers the upper class as it tracks the protagonist’s harrowing odyssey from a deeply traumatic childhood through adult substance abuse, and ultimately, towards recovery.
Benedict Cumberbatch will play Melrose, an aristocratic and outrageously funny playboy, who struggles to overcome the damage inflicted by an abusive father and a mother who tacitly condoned the behaviour",TV-MA,tt6586318,0.0,0,4.0
340959,Killing Eve,3,https://artworks.thetvdb.com/banners/series/340959/posters/5e8336febba23.jpg,https://artworks.thetvdb.com/banners/graphical/340959-g2.jpg,https://artworks.thetvdb.com/banners/series/340959/backgrounds/5e83372f86eb0.jpg,Continuing,2018-04-08,BBC America,40,"Action, Adventure, Thriller","When a top international assassin murders an influential politician, she comes up against an equally relentless MI5 intelligence analyst who is determined to bring her to justice.",TV-14,tt7016936,8.0,81,7.0
345246,The Haunting of Hill House,2,https://artworks.thetvdb.com/banners/posters/5bf912bbca206.jpg,https://artworks.thetvdb.com/banners/graphical/5ba3f39187984.jpg,https://artworks.thetvdb.com/banners/fanart/original/5baf64b8d34a9.jpg,Continuing,2018-10-12,Netflix,60,"Drama, Horror, Suspense, Thriller","Flashing between past and present, a fractured family confronts haunting memories of their old home and the terrifying events that drove them from it.",TV-MA,tt6763664,10.0,29,
347507,After Life,3,https://artworks.thetvdb.com/banners/posters/5c74559d04961.jpg,https://artworks.thetvdb.com/banners/graphical/5c8291b90cf98.jpg,https://artworks.thetvdb.com/banners/fanart/original/5c8253fc39093.jpg,Continuing,2019-03-08,Netflix,25,"Comedy, Drama","After Life follows Tony, who had a perfect life. But after his wife Lisa suddenly dies, Tony changes. After contemplating taking his own life, he decides instead to live long enough to punish the world by saying and doing whatever he likes from now on. He thinks it’s like a Super Power — not caring about himself or anyone else — but it turns out to be tricky when everyone is trying to save the nice guy they used to know.",TV-MA,tt8398600,9.0,55,7.0
353232,Narcos: Mexico,2,https://artworks.thetvdb.com/banners/series/353232/posters/62080133.jpg,https://artworks.thetvdb.com/banners/graphical/5bcd1fd7a7a81.jpg,https://artworks.thetvdb.com/banners/fanart/original/5be4ae1e9db24.jpg,Continuing,2018-11-16,Netflix,55,"Action, Adventure, Crime, Drama",A chronicle of the birth of the Mexican drug war in the 1980s and the true story of the Guadalajara cartel's ascent.,TV-MA,tt8714904,0.0,0,5.0
355567,The Boys,2,https://artworks.thetvdb.com/banners/posters/5c5c402b075cc.jpg,https://artworks.thetvdb.com/banners/graphical/5d1206432f318.jpg,https://artworks.thetvdb.com/banners/fanart/original/5d1200d70e4fe.jpg,Continuing,2019-07-26,Amazon,60,"Action, Adventure, Science Fiction","In a world where superheroes embrace the darker side of their massive celebrity and fame, The Boys centres on a group of vigilantes known informally as ""The Boys,"" who set out to take down corrupt superheroes with no more than blue collar grit and a willingness to fight dirty.",TV-MA,tt1190634,7.0,27,9.0
356609,Conversations with a Killer: The Ted Bundy Tapes,1,https://artworks.thetvdb.com/banners/posters/5c3cf6c131782.jpg,https://artworks.thetvdb.com/banners/graphical/5c3d4894d7300.jpg,https://artworks.thetvdb.com/banners/series/356609/backgrounds/5ef9fb7bd1633.jpg,Ended,2019-01-24,Netflix,60,"Crime, Documentary, Mini-Series","Present-day interviews, archival footage and audio recordings made on death row form a searing portrait of notorious serial killer Ted Bundy.",TV-MA,tt9425132,7.0,27,
357888,"Love, Death & Robots",2,https://artworks.thetvdb.com/banners/posters/5c8e831fd8a2c.jpg,https://artworks.thetvdb.com/banners/series/357888/banners/61998139.jpg,https://artworks.thetvdb.com/banners/fanart/original/5c9057304a595.jpg,Continuing,2019-03-15,Netflix,10,"Action, Animation, Fantasy, Mini-Series, Science Fiction","A collection of animated short stories that span various genres including science fiction, fantasy, horror and comedy.",TV-MA,tt9561862,10.0,22,7.0
359569,Good Omens,1,https://artworks.thetvdb.com/banners/posters/5c65fa5e7fa62.jpg,https://artworks.thetvdb.com/banners/graphical/5c899cdc2b713.jpg,https://artworks.thetvdb.com/banners/fanart/original/5c65faebc315e.jpg,Ended,2018-07-20,Amazon,60,"Comedy, Fantasy, Mini-Series","The End of the World is coming, which means a fussy Angel and a loose-living Demon who've become overly fond of life on Earth are forced to form an unlikely alliance to stop Armageddon. But they have lost the Antichrist, an 11-year-old boy unaware he's meant to bring upon the end of days, forcing them to embark on an adventure to find him and save the world before it's too late.",TV-MA,tt1869454,0.0,0,6.0
360388,When They See Us,1,https://artworks.thetvdb.com/banners/posters/5cf14507193f2.jpg,https://artworks.thetvdb.com/banners/graphical/5cd34668182fd.jpg,https://artworks.thetvdb.com/banners/fanart/original/5d9b702cb2c24.jpg,Ended,2019-05-31,Netflix,75,"Mini-Series, Thriller",Five teens from Harlem become trapped in a nightmare when they're falsely accused of a brutal attack in Central Park. Based on the true story.,TV-MA,tt7137906,0.0,0,7.0
360893,Chernobyl,1,https://artworks.thetvdb.com/banners/posters/5cc12861c93e4.jpg,https://artworks.thetvdb.com/banners/graphical/5cc9f74c2ddd3.jpg,https://artworks.thetvdb.com/banners/series/360893/backgrounds/62017319.jpg,Ended,2019-05-06,HBO,65,"Drama, History, Mini-Series",Chernobyl dramatizes the story of the 1986 nuclear accident — one of the worst man-made catastrophes in history — and the sacrifices made to save Europe from unimaginable disaster.,TV-MA,tt7366338,8.7,83,10.0
361753,The Mandalorian,1,https://artworks.thetvdb.com/banners/posters/5d603276729a5.jpg,https://artworks.thetvdb.com/banners/series/361753/banners/62000530.jpg,https://artworks.thetvdb.com/banners/fanart/original/5d6032b2e1bd4.jpg,Continuing,2019-11-12,Disney+,45,"Action, Adventure, Science Fiction","“The Mandalorian” is set after the fall of the Empire and before the emergence of the First Order. We follow the travails of a lone gunfighter in the outer reaches of the galaxy, far from the authority of the New Republic.",TV-PG,tt8111088,0.0,0,6.0
362696,The Witcher,1,https://artworks.thetvdb.com/banners/series/362696/posters/62003331.jpg,https://artworks.thetvdb.com/banners/graphical/5d1a2cb6138b3.jpg,https://artworks.thetvdb.com/banners/series/362696/backgrounds/62032150.jpg,Continuing,2019-12-20,Netflix,60,"Adventure, Fantasy","Geralt of Rivia, a solitary monster hunter, struggles to find his place in a world where people often prove more wicked than beasts.",TV-MA,tt5180504,0.0,0,6.0
365480,The Outsider (2020),1,https://artworks.thetvdb.com/banners/series/365480/posters/62042220.jpg,https://artworks.thetvdb.com/banners/series/365480/banners/62051524.jpg,https://artworks.thetvdb.com/banners/series/365480/backgrounds/62017905.jpg,Ended,2020-01-12,HBO,55,"Crime, Drama, Mini-Series, Mystery, Thriller","Based on Stephen King’s bestselling novel of the same name, The Outsider begins by following a seemingly straightforward investigation into the gruesome murder of a young boy. But when an insidious supernatural force edges its way into the case, it leads a seasoned cop and an unorthodox investigator to question everything they believe in.",TV-MA,tt8550800,0.0,0,7.0

